,idf
ability,1.021189299069938
able,0.7781512503836436
abstract,1.6232492903979006
abstraction,1.6232492903979006
accommodate,1.6232492903979006
accompanies,1.6232492903979006
account,1.6232492903979006
accounting,1.6232492903979006
achieve,1.3222192947339193
acquaint,1.6232492903979006
acquire,1.3222192947339193
acquisition,1.6232492903979006
action,1.3222192947339193
activity,1.6232492903979006
ad,1.6232492903979006
adam,1.6232492903979006
addition,1.6232492903979006
additive,1.6232492903979006
address,0.9242792860618817
admin,1.6232492903979006
advanced,0.7781512503836436
adversarial,1.3222192947339193
aes,1.6232492903979006
agent,1.6232492903979006
aggregate,1.6232492903979006
ai,0.8450980400142568
aim,1.3222192947339193
air,1.3222192947339193
aircraft,1.6232492903979006
airline,1.6232492903979006
airport,1.3222192947339193
airside,1.3222192947339193
airspace,1.6232492903979006
airtop,1.6232492903979006
aka,1.6232492903979006
algebraic,1.6232492903979006
algorithm,0.47712125471966244
align,1.6232492903979006
alignment,1.6232492903979006
allocation,1.6232492903979006
allow,1.6232492903979006
alternative,1.6232492903979006
american,1.3222192947339193
analyse,0.5818566052396754
analysis,0.5440680443502757
analytic,1.3222192947339193
analytics,1.146128035678238
analyze,0.5440680443502757
anarchy,1.6232492903979006
ancillary,1.6232492903979006
animation,1.6232492903979006
annotation,1.6232492903979006
answer,1.3222192947339193
app,1.6232492903979006
applicable,1.3222192947339193
application,0.2808266095756942
applies,1.6232492903979006
apply,0.19188552623891317
appreciate,1.3222192947339193
appreciation,1.3222192947339193
approach,1.021189299069938
appropriate,0.6232492903979004
appropriateness,1.6232492903979006
ar,1.6232492903979006
arbitrage,1.3222192947339193
arbitrarily,1.6232492903979006
architecture,1.021189299069938
area,1.146128035678238
argue,1.6232492903979006
argument,1.6232492903979006
arise,1.6232492903979006
arp,1.6232492903979006
art,0.7781512503836436
articulate,1.6232492903979006
artificial,1.021189299069938
aspect,0.6232492903979004
ass,0.9242792860618817
assess,1.3222192947339193
assessment,1.3222192947339193
asset,1.146128035678238
assignment,1.6232492903979006
assumption,1.3222192947339193
asymmetric,1.6232492903979006
attack,1.146128035678238
attacker,1.6232492903979006
attention,1.6232492903979006
attractive,1.6232492903979006
audio,1.6232492903979006
augment,1.6232492903979006
augmentation,1.6232492903979006
authentication,1.3222192947339193
autoencoders,1.6232492903979006
automatic,1.6232492903979006
autonomous,1.3222192947339193
availability,1.6232492903979006
available,1.3222192947339193
avoid,1.6232492903979006
aware,1.6232492903979006
aws,1.6232492903979006
background,1.6232492903979006
backprop,1.6232492903979006
backpropagation,1.3222192947339193
backward,1.6232492903979006
baggage,1.6232492903979006
balance,1.6232492903979006
base,0.36797678529459443
based,1.3222192947339193
basic,0.3222192947339193
basin,1.6232492903979006
basis,1.6232492903979006
batch,1.3222192947339193
batchsize,1.6232492903979006
bayes,1.6232492903979006
bayesian,1.6232492903979006
behavior,1.3222192947339193
behavioral,1.6232492903979006
benchmark,1.3222192947339193
benefit,1.6232492903979006
best,1.6232492903979006
beverage,1.6232492903979006
bezier,1.6232492903979006
big,1.3222192947339193
binomial,1.6232492903979006
bioinformatics,1.6232492903979006
biological,1.6232492903979006
biometrics,1.6232492903979006
biophysics,1.6232492903979006
bitcoin,1.3222192947339193
black,1.6232492903979006
block,1.6232492903979006
blockchain,1.3222192947339193
board,1.6232492903979006
bond,1.146128035678238
borrow,1.6232492903979006
boundary,1.6232492903979006
box,1.6232492903979006
brain,1.6232492903979006
branching,1.6232492903979006
bring,1.3222192947339193
broad,1.3222192947339193
broader,1.6232492903979006
broadly,1.6232492903979006
brought,1.6232492903979006
brownian,1.3222192947339193
brute,1.6232492903979006
bsm,1.6232492903979006
build,0.8450980400142568
building,1.3222192947339193
built,1.6232492903979006
business,1.3222192947339193
butterfly,1.6232492903979006
buy,1.6232492903979006
byzantine,1.6232492903979006
cad,1.6232492903979006
calculate,1.6232492903979006
capable,1.6232492903979006
capacity,1.021189299069938
capacitydemand,1.6232492903979006
capstone,1.6232492903979006
capture,1.6232492903979006
card,1.6232492903979006
cargo,1.6232492903979006
carlo,1.3222192947339193
case,0.9242792860618817
cash,1.3222192947339193
cast,1.6232492903979006
causal,1.3222192947339193
cc,1.6232492903979006
cdma,1.6232492903979006
central,1.6232492903979006
centre,1.6232492903979006
certain,1.6232492903979006
chain,1.146128035678238
challenge,0.5440680443502757
chance,1.3222192947339193
change,1.021189299069938
characteristic,1.146128035678238
characterize,1.6232492903979006
chip,1.6232492903979006
choose,0.9242792860618817
chunk,1.6232492903979006
cia,1.6232492903979006
cipher,1.6232492903979006
circuit,1.6232492903979006
clarification,1.6232492903979006
class,0.8450980400142568
classic,1.6232492903979006
classical,1.6232492903979006
classification,1.146128035678238
classify,1.3222192947339193
clear,1.3222192947339193
client,1.3222192947339193
clinician,1.6232492903979006
cloud,1.021189299069938
cluster,1.3222192947339193
cnn,1.6232492903979006
cnns,1.6232492903979006
cod,1.3222192947339193
code,1.146128035678238
codebook,1.6232492903979006
cognition,1.6232492903979006
cognitive,1.6232492903979006
collaboration,1.6232492903979006
collect,1.6232492903979006
collision,1.6232492903979006
color,1.6232492903979006
combination,1.6232492903979006
combine,1.3222192947339193
commitment,1.6232492903979006
commodity,1.6232492903979006
common,0.7781512503836436
commonly,1.6232492903979006
communicate,1.3222192947339193
company,1.021189299069938
comparables,1.6232492903979006
compare,1.021189299069938
compelling,1.6232492903979006
complete,0.8450980400142568
complex,0.7781512503836436
complexity,1.6232492903979006
component,0.9242792860618817
compose,1.6232492903979006
comprehend,1.6232492903979006
comprehensive,1.6232492903979006
comprehensively,1.6232492903979006
compromise,1.6232492903979006
computation,1.6232492903979006
computational,1.021189299069938
computationalmathematical,1.6232492903979006
compute,0.6690067809585756
computer,1.3222192947339193
concept,0.34449568944507153
conceptual,1.3222192947339193
conceptualize,1.6232492903979006
concern,1.6232492903979006
condition,1.6232492903979006
conduct,0.7781512503836436
confidence,1.6232492903979006
confidentiality,1.6232492903979006
congestion,1.6232492903979006
connect,1.3222192947339193
connection,1.3222192947339193
consensus,1.6232492903979006
consideration,1.021189299069938
consistent,1.6232492903979006
console,1.3222192947339193
constant,1.6232492903979006
constitute,1.6232492903979006
constrain,1.6232492903979006
constraint,1.021189299069938
construct,0.7201593034059569
constructive,1.6232492903979006
consultation,1.6232492903979006
content,1.6232492903979006
context,1.021189299069938
continuous,1.6232492903979006
contract,1.146128035678238
contrast,1.3222192947339193
control,0.8450980400142568
controller,1.3222192947339193
conventional,1.6232492903979006
convolution,1.6232492903979006
convolutional,1.021189299069938
coordinate,1.6232492903979006
coordination,1.3222192947339193
core,1.021189299069938
corporation,1.6232492903979006
correctness,1.3222192947339193
correspond,1.6232492903979006
cost,1.146128035678238
countermeasure,1.6232492903979006
country,1.6232492903979006
course,0.06694678963061322
cover,0.5093059380910637
create,0.8450980400142568
creation,1.3222192947339193
creative,1.6232492903979006
criterion,1.6232492903979006
critical,1.6232492903979006
critically,1.6232492903979006
critique,0.9242792860618817
cross,1.3222192947339193
cryptocurrencies,1.6232492903979006
cryptographic,1.6232492903979006
cryptography,1.6232492903979006
cs,1.6232492903979006
currency,1.6232492903979006
current,0.9242792860618817
curve,1.3222192947339193
custom,1.146128035678238
customer,1.6232492903979006
cut,1.3222192947339193
cybercrime,1.6232492903979006
cycle,1.6232492903979006
daily,1.6232492903979006
damodaran,1.6232492903979006
data,0.5440680443502757
database,1.3222192947339193
dataloaders,1.6232492903979006
datasets,1.3222192947339193
deal,1.6232492903979006
debug,1.3222192947339193
decentralize,1.6232492903979006
decide,1.6232492903979006
decision,0.5818566052396754
deep,0.6690067809585756
defend,1.6232492903979006
defense,1.6232492903979006
defensive,1.6232492903979006
define,0.7781512503836436
definition,1.6232492903979006
degradation,1.6232492903979006
degree,1.3222192947339193
delay,1.6232492903979006
delf,1.6232492903979006
deliver,1.3222192947339193
delta,1.6232492903979006
demand,0.8450980400142568
demonstrate,0.8450980400142568
demonstration,1.6232492903979006
depends,1.6232492903979006
deploy,1.021189299069938
deployed,1.6232492903979006
deployment,1.6232492903979006
depth,1.3222192947339193
deregulate,1.6232492903979006
derivative,1.3222192947339193
derive,1.3222192947339193
descent,1.3222192947339193
describe,1.6232492903979006
description,1.146128035678238
design,0.146128035678238
designer,1.6232492903979006
detailed,1.6232492903979006
detection,1.146128035678238
determine,0.9242792860618817
deterministic,1.6232492903979006
develop,0.36797678529459443
developed,1.6232492903979006
development,1.146128035678238
develops,1.6232492903979006
device,1.146128035678238
devise,1.3222192947339193
diagnostics,1.6232492903979006
dialog,1.6232492903979006
differ,1.6232492903979006
difference,1.021189299069938
different,0.34449568944507153
differential,1.6232492903979006
differs,1.6232492903979006
difficulty,1.6232492903979006
digital,1.3222192947339193
digitalisation,1.6232492903979006
dimension,1.6232492903979006
dimensionality,1.6232492903979006
direction,1.6232492903979006
disconnect,1.6232492903979006
discount,1.6232492903979006
discover,1.6232492903979006
discovery,1.3222192947339193
discrete,1.3222192947339193
discriminative,1.3222192947339193
discus,0.9242792860618817
discuss,1.6232492903979006
discussion,1.6232492903979006
disease,1.6232492903979006
dispatch,1.6232492903979006
distribute,0.7781512503836436
distribution,1.146128035678238
dive,1.6232492903979006
diverse,1.6232492903979006
diversification,1.6232492903979006
dns,1.6232492903979006
doctor,1.6232492903979006
document,1.6232492903979006
dollar,1.6232492903979006
domain,1.146128035678238
dominate,1.6232492903979006
downstream,1.6232492903979006
drainage,1.6232492903979006
dramatic,1.6232492903979006
draw,1.6232492903979006
drive,1.6232492903979006
driven,1.146128035678238
dropout,1.6232492903979006
drug,1.6232492903979006
dynamic,1.6232492903979006
earlier,1.6232492903979006
easy,1.3222192947339193
eco,1.6232492903979006
economic,1.146128035678238
economics,1.146128035678238
edge,1.3222192947339193
edit,1.6232492903979006
effect,1.6232492903979006
effective,1.6232492903979006
effectively,1.146128035678238
effectiveness,1.3222192947339193
efficiency,1.3222192947339193
efficiently,1.6232492903979006
electric,1.6232492903979006
electricity,1.6232492903979006
electronic,1.3222192947339193
element,1.3222192947339193
elementary,1.6232492903979006
embed,1.146128035678238
embeddings,1.6232492903979006
emerge,1.3222192947339193
emergency,1.6232492903979006
emphasis,1.146128035678238
empirical,1.3222192947339193
employ,1.146128035678238
en,1.6232492903979006
encryption,1.6232492903979006
end,0.9242792860618817
energy,1.3222192947339193
engineer,1.6232492903979006
engineering,0.9242792860618817
enhance,1.6232492903979006
enhancement,1.6232492903979006
ensure,1.3222192947339193
entity,1.6232492903979006
entropy,1.6232492903979006
enumerate,1.6232492903979006
environment,0.6232492903979004
environmental,1.6232492903979006
environmentally,1.6232492903979006
envision,1.6232492903979006
equation,1.3222192947339193
equilibrium,1.146128035678238
equip,1.6232492903979006
equity,1.3222192947339193
equivalent,1.6232492903979006
era,1.6232492903979006
error,1.146128035678238
esd,1.6232492903979006
esp,1.6232492903979006
especially,1.6232492903979006
essence,1.6232492903979006
essential,1.146128035678238
establishment,1.6232492903979006
estate,1.6232492903979006
estimate,1.021189299069938
estimation,1.146128035678238
ethereum,1.6232492903979006
ethernet,1.6232492903979006
ethic,1.6232492903979006
evaluate,0.39280036901962656
evaluates,1.6232492903979006
evaluation,0.9242792860618817
event,1.6232492903979006
evidence,1.6232492903979006
examine,1.6232492903979006
example,1.146128035678238
execution,1.3222192947339193
exercise,1.021189299069938
exist,0.9242792860618817
existence,1.6232492903979006
expect,1.3222192947339193
expectation,1.3222192947339193
experience,1.021189299069938
experiential,1.6232492903979006
experiment,1.6232492903979006
experimental,1.6232492903979006
expert,1.3222192947339193
explain,0.36797678529459443
explainable,1.6232492903979006
explanation,1.6232492903979006
exploit,1.6232492903979006
explore,1.6232492903979006
explores,1.6232492903979006
expose,1.6232492903979006
exposure,1.3222192947339193
extend,1.3222192947339193
extensive,1.6232492903979006
fabricate,1.6232492903979006
fabrication,1.6232492903979006
face,1.146128035678238
facility,1.6232492903979006
factor,1.021189299069938
factorization,1.6232492903979006
fairness,1.6232492903979006
familiarity,1.6232492903979006
familiarize,1.6232492903979006
fast,1.3222192947339193
fault,1.6232492903979006
fddi,1.6232492903979006
feature,1.3222192947339193
fed,1.6232492903979006
feedback,1.6232492903979006
feedforward,1.6232492903979006
field,1.021189299069938
file,1.6232492903979006
filter,1.3222192947339193
final,1.6232492903979006
finally,1.021189299069938
finance,0.9242792860618817
financial,0.8450980400142568
finetuning,1.6232492903979006
finite,1.3222192947339193
firewall,1.6232492903979006
firm,1.146128035678238
fit,1.6232492903979006
flaw,1.6232492903979006
flexibility,1.6232492903979006
flight,1.6232492903979006
flow,0.6690067809585756
fluctuation,1.6232492903979006
focus,0.47712125471966244
follow,1.3222192947339193
food,1.6232492903979006
fool,1.6232492903979006
force,1.6232492903979006
forecasting,1.3222192947339193
forensics,1.6232492903979006
form,1.021189299069938
formal,1.3222192947339193
formalize,1.6232492903979006
format,1.6232492903979006
formulate,0.7781512503836436
formulation,1.3222192947339193
forward,1.146128035678238
foundation,1.3222192947339193
foundational,1.6232492903979006
framework,0.7201593034059569
freight,1.6232492903979006
fro,1.6232492903979006
fully,1.3222192947339193
function,0.7781512503836436
functional,1.146128035678238
functionality,1.146128035678238
fundamental,0.5440680443502757
future,1.3222192947339193
gain,0.7781512503836436
game,0.8450980400142568
gamma,1.6232492903979006
gan,1.6232492903979006
gans,1.6232492903979006
gather,1.6232492903979006
gathering,1.6232492903979006
general,0.9242792860618817
generalization,1.6232492903979006
generalize,1.6232492903979006
generate,1.3222192947339193
generation,1.146128035678238
generative,1.021189299069938
geometric,1.6232492903979006
geometry,1.6232492903979006
give,0.6690067809585756
global,1.3222192947339193
glove,1.6232492903979006
goal,0.9242792860618817
good,1.6232492903979006
google,1.3222192947339193
gpgpus,1.6232492903979006
gpu,1.6232492903979006
gradient,1.3222192947339193
graduate,1.6232492903979006
grand,1.6232492903979006
graph,1.3222192947339193
graphic,1.146128035678238
graphical,1.146128035678238
grasp,1.6232492903979006
great,1.146128035678238
greek,1.6232492903979006
ground,1.146128035678238
groundtruths,1.6232492903979006
group,1.3222192947339193
grow,1.6232492903979006
growth,1.6232492903979006
guest,1.6232492903979006
gui,1.6232492903979006
guidance,1.6232492903979006
guide,1.6232492903979006
guideline,1.6232492903979006
hadoop,1.6232492903979006
half,1.6232492903979006
hand,1.146128035678238
handler,1.6232492903979006
hardware,1.146128035678238
hardwaresoftware,1.6232492903979006
hash,1.6232492903979006
have,1.6232492903979006
hci,1.6232492903979006
health,1.6232492903979006
healthcare,1.6232492903979006
heard,1.6232492903979006
heart,1.6232492903979006
hedge,1.6232492903979006
heterogeneous,1.6232492903979006
heuristic,1.3222192947339193
hidden,1.3222192947339193
high,1.021189299069938
highlight,1.6232492903979006
highly,1.6232492903979006
history,1.6232492903979006
hold,1.6232492903979006
holder,1.6232492903979006
home,1.6232492903979006
hospital,1.3222192947339193
html,1.6232492903979006
human,1.3222192947339193
hws,1.6232492903979006
hybrid,1.3222192947339193
hydraulic,1.6232492903979006
hydrological,1.6232492903979006
hypothesize,1.3222192947339193
idea,0.7781512503836436
identify,0.47712125471966244
identity,1.6232492903979006
ii,1.6232492903979006
iii,1.6232492903979006
illumination,1.6232492903979006
illustrate,1.6232492903979006
image,0.9242792860618817
imagevideo,1.6232492903979006
imbue,1.6232492903979006
immigration,1.6232492903979006
impact,0.9242792860618817
implement,0.36797678529459443
implementation,0.8450980400142568
implication,1.6232492903979006
imply,1.6232492903979006
importance,1.6232492903979006
important,0.8450980400142568
improve,0.9242792860618817
improvement,1.3222192947339193
in,1.6232492903979006
include,0.26152145438030755
incomplete,1.6232492903979006
incorporate,1.6232492903979006
increase,1.6232492903979006
increasingly,1.6232492903979006
independently,1.6232492903979006
index,1.3222192947339193
individual,1.3222192947339193
industry,0.9242792860618817
infancy,1.6232492903979006
infer,1.6232492903979006
inference,1.146128035678238
influence,1.6232492903979006
inform,1.6232492903979006
informally,1.6232492903979006
information,0.8450980400142568
infrastructure,1.146128035678238
initial,1.6232492903979006
innovation,1.6232492903979006
innovative,1.6232492903979006
input,1.3222192947339193
insight,1.3222192947339193
inspire,1.6232492903979006
instrument,1.3222192947339193
integer,1.6232492903979006
integrate,1.021189299069938
integration,1.021189299069938
integrity,1.6232492903979006
intelligence,0.9242792860618817
intelligent,1.3222192947339193
intend,1.6232492903979006
inter,1.6232492903979006
interact,1.6232492903979006
interaction,1.146128035678238
interactive,1.3222192947339193
interconnection,1.6232492903979006
interface,0.9242792860618817
interfacing,1.6232492903979006
internet,1.021189299069938
interpolation,1.6232492903979006
interpret,1.146128035678238
intra,1.6232492903979006
intricacy,1.6232492903979006
introduce,0.9242792860618817
introduces,0.6232492903979004
introduction,0.8450980400142568
introductory,1.6232492903979006
intrusion,1.6232492903979006
intuitive,1.6232492903979006
invalidate,1.6232492903979006
inventory,1.3222192947339193
invest,1.6232492903979006
investigate,1.6232492903979006
investment,1.146128035678238
investor,1.3222192947339193
invite,1.3222192947339193
involve,1.021189299069938
iot,1.3222192947339193
ip,1.6232492903979006
iptv,1.6232492903979006
ir,1.6232492903979006
issue,1.146128035678238
item,1.6232492903979006
iteration,1.6232492903979006
iv,1.6232492903979006
javascript,1.6232492903979006
job,1.6232492903979006
judged,1.6232492903979006
kalman,1.6232492903979006
kera,1.6232492903979006
kernel,1.6232492903979006
key,0.5818566052396754
kinematic,1.6232492903979006
kiosk,1.6232492903979006
know,1.146128035678238
knowledge,0.8450980400142568
lab,1.3222192947339193
label,1.6232492903979006
laboratory,1.3222192947339193
land,1.6232492903979006
landside,1.3222192947339193
language,0.9242792860618817
large,1.6232492903979006
laser,1.6232492903979006
late,1.3222192947339193
latent,1.3222192947339193
layer,0.9242792860618817
lead,1.3222192947339193
learn,0.3010299956639812
learnt,1.3222192947339193
ledger,1.6232492903979006
letter,1.6232492903979006
level,0.6232492903979004
leverage,1.6232492903979006
library,1.146128035678238
life,0.9242792860618817
like,1.146128035678238
limitation,1.146128035678238
limited,1.6232492903979006
linear,0.9242792860618817
link,1.3222192947339193
list,0.7201593034059569
little,1.6232492903979006
lo,0.9242792860618817
load,1.6232492903979006
loader,1.6232492903979006
local,1.6232492903979006
localization,1.6232492903979006
location,1.6232492903979006
log,1.6232492903979006
logic,1.6232492903979006
logistic,1.3222192947339193
logistics,1.6232492903979006
long,1.021189299069938
loss,1.6232492903979006
lpwan,1.6232492903979006
lstm,1.6232492903979006
machine,0.8450980400142568
main,1.3222192947339193
mainly,1.6232492903979006
maintain,1.3222192947339193
maintenance,1.6232492903979006
major,0.8450980400142568
make,0.8450980400142568
manage,0.8450980400142568
management,0.7201593034059569
managerial,1.6232492903979006
manufacturing,1.146128035678238
mapping,1.6232492903979006
mapreduce,1.3222192947339193
market,1.146128035678238
markov,1.6232492903979006
martingale,1.6232492903979006
massively,1.6232492903979006
master,1.3222192947339193
mastery,1.3222192947339193
material,1.3222192947339193
math,1.6232492903979006
mathematical,0.7781512503836436
mathematically,1.021189299069938
matlab,1.3222192947339193
matrix,1.6232492903979006
mature,1.6232492903979006
maximization,1.6232492903979006
maximize,1.6232492903979006
mean,1.146128035678238
meaning,1.3222192947339193
measure,1.6232492903979006
measurement,1.6232492903979006
mechanic,1.3222192947339193
mechanism,1.6232492903979006
medical,1.6232492903979006
medicine,1.6232492903979006
medium,1.3222192947339193
member,1.6232492903979006
memory,1.6232492903979006
mentor,1.6232492903979006
merit,1.3222192947339193
merton,1.6232492903979006
method,0.4191293077419757
methodology,0.9242792860618817
metric,1.146128035678238
million,1.6232492903979006
mindset,1.6232492903979006
mini,1.6232492903979006
minimum,1.6232492903979006
mitigate,1.3222192947339193
mixed,1.6232492903979006
mixture,1.6232492903979006
mobile,1.3222192947339193
modal,1.6232492903979006
modality,1.6232492903979006
mode,1.6232492903979006
model,0.17609125905568124
moderate,1.3222192947339193
moderately,1.6232492903979006
modern,0.7781512503836436
module,1.3222192947339193
momentum,1.6232492903979006
monitoring,1.6232492903979006
monte,1.3222192947339193
motion,1.3222192947339193
movement,1.6232492903979006
movie,1.6232492903979006
mqtt,1.6232492903979006
multi,0.9242792860618817
multicast,1.6232492903979006
multimodal,1.6232492903979006
multiple,1.146128035678238
museum,1.6232492903979006
nakamoto,1.6232492903979006
name,1.6232492903979006
nation,1.6232492903979006
natural,1.3222192947339193
na√Øve,1.6232492903979006
necessary,1.3222192947339193
necessitates,1.6232492903979006
need,1.146128035678238
net,1.6232492903979006
network,0.3222192947339193
networked,1.021189299069938
networking,1.3222192947339193
neural,0.7201593034059569
neuron,1.3222192947339193
neuronal,1.6232492903979006
neutral,1.3222192947339193
new,1.021189299069938
nlp,1.6232492903979006
nns,1.6232492903979006
no,1.6232492903979006
noise,1.6232492903979006
non,1.3222192947339193
normal,1.6232492903979006
normalization,1.3222192947339193
note,1.6232492903979006
nova,1.6232492903979006
novel,1.3222192947339193
number,1.3222192947339193
numerical,1.021189299069938
numerically,1.6232492903979006
numerous,1.6232492903979006
object,1.6232492903979006
objective,1.021189299069938
observation,1.6232492903979006
observe,1.3222192947339193
ode,1.3222192947339193
of,1.3222192947339193
offer,1.3222192947339193
offering,1.6232492903979006
officer,1.6232492903979006
one,1.6232492903979006
opencv,1.6232492903979006
opengl,1.6232492903979006
operate,1.6232492903979006
operation,0.6232492903979004
operational,1.6232492903979006
operator,1.6232492903979006
opportunity,1.021189299069938
optimal,0.9242792860618817
optimality,1.6232492903979006
optimisation,1.146128035678238
optimise,1.6232492903979006
optimization,0.7201593034059569
optimize,1.6232492903979006
optimizers,1.6232492903979006
option,1.3222192947339193
oral,1.6232492903979006
orally,1.3222192947339193
orchestration,1.6232492903979006
order,1.3222192947339193
organisation,1.6232492903979006
organization,1.6232492903979006
organizational,1.6232492903979006
outcome,1.3222192947339193
output,1.146128035678238
overall,1.3222192947339193
overcome,1.3222192947339193
overfitting,1.6232492903979006
overlap,1.6232492903979006
overview,1.6232492903979006
pace,1.6232492903979006
packet,1.3222192947339193
pads,1.6232492903979006
page,1.6232492903979006
pair,1.6232492903979006
paper,1.6232492903979006
paradigm,1.6232492903979006
parallel,1.3222192947339193
parameter,0.7781512503836436
parse,1.6232492903979006
partial,1.6232492903979006
participate,1.3222192947339193
particle,1.6232492903979006
particular,1.021189299069938
particularly,1.6232492903979006
partition,1.6232492903979006
partner,1.6232492903979006
passenger,1.146128035678238
password,1.6232492903979006
path,1.6232492903979006
patient,1.6232492903979006
pattern,1.6232492903979006
payment,1.6232492903979006
pde,1.6232492903979006
pdes,1.6232492903979006
perceives,1.6232492903979006
perform,0.9242792860618817
performance,0.5093059380910637
permit,1.6232492903979006
personal,1.6232492903979006
personalize,1.6232492903979006
perspective,1.3222192947339193
persuasive,1.6232492903979006
phase,1.6232492903979006
physic,1.6232492903979006
physical,1.146128035678238
pipe,1.6232492903979006
pipeline,1.6232492903979006
pitch,1.3222192947339193
place,1.6232492903979006
plaintext,1.6232492903979006
planner,1.6232492903979006
planning,0.7781512503836436
platform,0.9242792860618817
play,1.146128035678238
point,1.3222192947339193
policy,1.021189299069938
pool,1.6232492903979006
popularity,1.6232492903979006
portfolio,1.146128035678238
pose,1.3222192947339193
possible,1.021189299069938
potential,1.146128035678238
power,1.6232492903979006
powerful,1.6232492903979006
powertrains,1.6232492903979006
practical,0.8450980400142568
practice,0.8450980400142568
pre,1.6232492903979006
predict,1.146128035678238
prediction,1.021189299069938
predictor,1.6232492903979006
preferable,1.6232492903979006
prepared,1.3222192947339193
preprocessing,1.6232492903979006
presence,1.6232492903979006
present,0.7781512503836436
presentation,1.6232492903979006
preserve,1.6232492903979006
pressure,1.6232492903979006
prevent,1.6232492903979006
prevention,1.6232492903979006
price,0.8450980400142568
pricing,0.9242792860618817
primary,1.146128035678238
primitive,1.6232492903979006
principle,0.47712125471966244
print,1.6232492903979006
printing,1.6232492903979006
prioritize,1.6232492903979006
privacy,1.6232492903979006
probabilistic,1.3222192947339193
probability,1.3222192947339193
problem,0.24303804868629444
procedural,1.6232492903979006
process,0.5440680443502757
processing,0.9242792860618817
procurement,1.6232492903979006
produce,1.3222192947339193
product,1.3222192947339193
production,1.3222192947339193
professional,1.3222192947339193
proficiency,1.3222192947339193
proficient,1.6232492903979006
program,0.6690067809585756
project,0.39280036901962656
promise,1.3222192947339193
proof,1.3222192947339193
propagation,1.6232492903979006
proper,1.3222192947339193
properly,1.6232492903979006
property,1.3222192947339193
proposal,1.6232492903979006
propose,1.3222192947339193
propositional,1.6232492903979006
propulsion,1.6232492903979006
protect,1.6232492903979006
protocol,0.9242792860618817
prototype,1.6232492903979006
prototyping,1.6232492903979006
prove,1.6232492903979006
provide,0.5093059380910637
provision,1.6232492903979006
public,1.3222192947339193
purpose,1.6232492903979006
python,1.3222192947339193
pytorch,1.3222192947339193
quality,1.6232492903979006
query,1.3222192947339193
question,1.3222192947339193
quickly,1.6232492903979006
quiz,1.6232492903979006
rail,1.6232492903979006
random,1.6232492903979006
range,1.3222192947339193
rank,1.6232492903979006
rapid,1.3222192947339193
rasterization,1.6232492903979006
rate,0.9242792860618817
rationale,1.6232492903979006
ray,1.6232492903979006
rdbms,1.6232492903979006
readily,1.6232492903979006
reading,1.6232492903979006
real,0.39280036901962656
realism,1.6232492903979006
reality,1.6232492903979006
realization,1.6232492903979006
realize,1.6232492903979006
reason,0.9242792860618817
reasonable,1.6232492903979006
recall,1.6232492903979006
recent,1.6232492903979006
recently,1.6232492903979006
recognition,1.3222192947339193
recognize,0.8450980400142568
recommend,1.3222192947339193
recommendation,1.6232492903979006
record,1.3222192947339193
recover,1.6232492903979006
recovery,1.6232492903979006
recurrent,1.146128035678238
reduces,1.6232492903979006
reduction,1.3222192947339193
reference,1.6232492903979006
refine,1.6232492903979006
refinement,1.6232492903979006
regression,1.3222192947339193
regularization,1.6232492903979006
regularize,1.6232492903979006
reinforcement,1.146128035678238
relate,1.6232492903979006
related,1.021189299069938
relation,1.6232492903979006
relational,1.6232492903979006
relationship,1.6232492903979006
relevant,1.021189299069938
reliable,1.6232492903979006
render,1.6232492903979006
renewable,1.6232492903979006
renewal,1.6232492903979006
report,1.146128035678238
repository,1.6232492903979006
represent,1.6232492903979006
representation,0.9242792860618817
reputation,1.6232492903979006
require,0.8450980400142568
requirement,0.8450980400142568
research,1.021189299069938
researcher,1.6232492903979006
residual,1.6232492903979006
resistant,1.6232492903979006
resource,1.3222192947339193
respect,1.3222192947339193
respond,1.6232492903979006
response,1.3222192947339193
retell,1.6232492903979006
retrieval,1.3222192947339193
return,1.146128035678238
revenue,1.6232492903979006
revolutionize,1.6232492903979006
rich,1.6232492903979006
ring,1.6232492903979006
risk,1.021189299069938
risky,1.6232492903979006
river,1.6232492903979006
rmsprop,1.6232492903979006
rnn,1.6232492903979006
road,1.6232492903979006
roadmap,1.6232492903979006
robotics,1.6232492903979006
role,1.146128035678238
rotation,1.6232492903979006
rout,1.6232492903979006
route,1.6232492903979006
ruby,1.6232492903979006
rule,1.6232492903979006
run,1.021189299069938
runnable,1.6232492903979006
safety,1.6232492903979006
sample,1.3222192947339193
satisfaction,1.6232492903979006
say,1.6232492903979006
scale,1.3222192947339193
scan,1.6232492903979006
scenario,1.3222192947339193
schedule,1.6232492903979006
scheme,1.6232492903979006
scholes,1.6232492903979006
science,1.3222192947339193
scientist,1.6232492903979006
scope,1.6232492903979006
scratch,1.021189299069938
search,1.3222192947339193
second,1.6232492903979006
secret,1.6232492903979006
sector,1.6232492903979006
secure,1.021189299069938
securely,1.6232492903979006
security,0.8450980400142568
segmentation,1.6232492903979006
select,1.3222192947339193
selection,1.146128035678238
semantic,1.6232492903979006
semester,1.3222192947339193
semi,1.6232492903979006
send,1.6232492903979006
sense,1.6232492903979006
sensitive,1.6232492903979006
sensor,1.6232492903979006
sensory,1.6232492903979006
sentiment,1.6232492903979006
sequence,1.3222192947339193
sequential,1.6232492903979006
series,1.146128035678238
server,1.3222192947339193
service,0.7781512503836436
set,0.9242792860618817
setting,1.3222192947339193
setup,1.3222192947339193
shade,1.6232492903979006
shadow,1.6232492903979006
share,1.3222192947339193
short,1.6232492903979006
shortage,1.6232492903979006
shortest,1.6232492903979006
signature,1.6232492903979006
significance,1.6232492903979006
similar,1.6232492903979006
simple,0.8450980400142568
simplify,1.6232492903979006
simulate,1.6232492903979006
simulates,1.6232492903979006
simulation,0.8450980400142568
simulink,1.6232492903979006
simulinkstateflow,1.6232492903979006
simultaneously,1.6232492903979006
singapore,1.6232492903979006
size,1.6232492903979006
sketch,1.3222192947339193
sketchingpresentation,1.6232492903979006
skill,0.7201593034059569
skillset,1.6232492903979006
sklearn,1.6232492903979006
small,1.6232492903979006
smart,1.146128035678238
smile,1.6232492903979006
sniff,1.6232492903979006
social,1.3222192947339193
societal,1.6232492903979006
society,1.6232492903979006
socio,1.3222192947339193
socket,1.6232492903979006
software,0.6690067809585756
solid,1.6232492903979006
solution,0.5818566052396754
solve,0.4471580313422192
solver,1.6232492903979006
solves,1.6232492903979006
sound,1.6232492903979006
source,1.6232492903979006
space,1.021189299069938
span,1.6232492903979006
spark,1.3222192947339193
spatial,1.6232492903979006
speaker,1.3222192947339193
special,1.6232492903979006
specialized,1.6232492903979006
specific,1.146128035678238
specify,1.6232492903979006
speech,1.6232492903979006
spline,1.6232492903979006
spot,1.6232492903979006
spreadsheet,1.3222192947339193
sql,1.6232492903979006
stack,1.6232492903979006
stage,1.6232492903979006
stake,1.3222192947339193
stakeholder,1.3222192947339193
standard,0.9242792860618817
start,1.021189299069938
state,0.7781512503836436
stateflow,1.6232492903979006
statistical,1.021189299069938
step,1.6232492903979006
stepsize,1.6232492903979006
stepsizes,1.6232492903979006
stimulus,1.6232492903979006
stochastic,1.146128035678238
stochasticmini,1.6232492903979006
stock,1.3222192947339193
storage,1.3222192947339193
store,1.6232492903979006
straddle,1.6232492903979006
strategic,1.3222192947339193
strategy,0.9242792860618817
strength,1.146128035678238
strong,1.3222192947339193
structure,0.7781512503836436
student,0.19188552623891317
studio,1.6232492903979006
study,0.8450980400142568
subject,1.6232492903979006
subsequently,1.6232492903979006
subset,1.6232492903979006
substitution,1.6232492903979006
success,1.6232492903979006
successful,0.9242792860618817
successfully,1.146128035678238
suitability,1.6232492903979006
suitable,1.021189299069938
summarization,1.6232492903979006
summarize,1.6232492903979006
supervise,1.021189299069938
supervisory,1.6232492903979006
supply,1.021189299069938
support,0.9242792860618817
sustainability,1.6232492903979006
sustainable,1.3222192947339193
sutd,1.6232492903979006
svms,1.3222192947339193
switch,1.6232492903979006
symbolic,1.6232492903979006
symmetric,1.6232492903979006
syntactic,1.6232492903979006
synthesize,1.3222192947339193
system,0.2082759424270825
systematic,1.6232492903979006
taam,1.6232492903979006
tableau,1.6232492903979006
tackle,1.146128035678238
tag,1.6232492903979006
tailor,1.6232492903979006
take,1.6232492903979006
tamper,1.6232492903979006
target,1.3222192947339193
task,0.9242792860618817
taught,1.6232492903979006
tcp,1.6232492903979006
tcpip,1.3222192947339193
teach,1.6232492903979006
team,1.3222192947339193
technical,1.146128035678238
technique,0.39280036901962656
technologiestools,1.6232492903979006
technology,0.4191293077419757
telehealth,1.6232492903979006
temporal,1.6232492903979006
tensorflow,1.6232492903979006
term,0.6232492903979004
terminology,1.3222192947339193
test,0.7781512503836436
text,1.021189299069938
textual,1.6232492903979006
texture,1.6232492903979006
the,1.3222192947339193
theme,1.6232492903979006
theoretic,1.6232492903979006
theoretical,1.3222192947339193
theory,0.6690067809585756
therapeutic,1.6232492903979006
thereof,1.6232492903979006
thesis,1.6232492903979006
thing,1.6232492903979006
think,1.3222192947339193
thread,1.6232492903979006
threat,1.3222192947339193
throughput,1.6232492903979006
tight,1.6232492903979006
time,0.6690067809585756
today,1.146128035678238
token,1.6232492903979006
tool,0.34449568944507153
toolbox,1.146128035678238
toolstechnologies,1.6232492903979006
topic,0.3222192947339193
topology,1.3222192947339193
touch,1.6232492903979006
trace,1.6232492903979006
tractability,1.6232492903979006
trade,1.6232492903979006
tradeoff,1.146128035678238
trading,1.021189299069938
traffic,1.146128035678238
train,1.146128035678238
training,1.146128035678238
traintest,1.6232492903979006
transaction,1.3222192947339193
transfer,1.6232492903979006
transform,1.6232492903979006
transformation,1.6232492903979006
translate,1.6232492903979006
translation,1.3222192947339193
transportation,1.146128035678238
travel,1.6232492903979006
treatment,1.3222192947339193
trillion,1.6232492903979006
trip,1.6232492903979006
tripartite,1.6232492903979006
truth,1.6232492903979006
tune,1.3222192947339193
type,1.3222192947339193
typical,1.6232492903979006
ultimately,1.6232492903979006
ultra,1.6232492903979006
uncertain,1.6232492903979006
uncertainty,1.146128035678238
uncover,1.6232492903979006
undergraduate,1.3222192947339193
underlie,0.9242792860618817
understand,0.3222192947339193
undertaken,1.6232492903979006
unified,1.6232492903979006
unit,1.146128035678238
unstructured,1.6232492903979006
unsupervised,1.146128035678238
up,1.6232492903979006
update,1.6232492903979006
ups,1.6232492903979006
upstream,1.6232492903979006
urban,1.3222192947339193
usability,1.6232492903979006
usable,1.3222192947339193
usage,1.146128035678238
use,0.2808266095756942
useful,1.021189299069938
usefully,1.6232492903979006
user,0.9242792860618817
utility,1.6232492903979006
utilization,1.6232492903979006
utilize,1.6232492903979006
utilized,1.6232492903979006
valid,1.6232492903979006
validate,1.3222192947339193
validation,1.3222192947339193
valuation,1.146128035678238
value,0.8450980400142568
variable,1.3222192947339193
variance,1.3222192947339193
variety,0.8450980400142568
vector,1.146128035678238
vehicle,1.3222192947339193
velocity,1.6232492903979006
verification,1.6232492903979006
version,1.6232492903979006
vi,1.6232492903979006
video,1.146128035678238
view,1.3222192947339193
violation,1.6232492903979006
virtual,1.3222192947339193
virtualization,1.6232492903979006
vision,1.3222192947339193
visualise,1.6232492903979006
volatility,1.6232492903979006
vr,1.6232492903979006
vulnerable,1.146128035678238
want,1.6232492903979006
water,1.6232492903979006
way,1.021189299069938
weakness,1.3222192947339193
web,1.3222192947339193
website,1.6232492903979006
weekly,1.3222192947339193
weight,1.3222192947339193
weka,1.6232492903979006
wholesale,1.6232492903979006
widely,1.6232492903979006
wifi,1.6232492903979006
window,1.6232492903979006
wireless,1.3222192947339193
word,1.3222192947339193
wordvec,1.6232492903979006
work,0.7781512503836436
world,0.6690067809585756
write,1.021189299069938
xl,1.6232492903979006
year,1.6232492903979006
zigbee,1.6232492903979006
